avg_kl,token_id,gloss_with_replacement,part_of_speech
0.0,5136384,drink,v
0.0,5120004,scrape,n
0.0,5193741,raspberry,n
0.5847300407123246,5103634,up,adv
0.6493838509172211,5144602,vanilla,n
0.0,5193754,jelly,n
0.0,5136418,smoothie,n
0.0,5160995,scrub,v
0.0,5095460,friends,n
0.0,5111857,pool,n
0.0,5185592,wolf,n
0.0,5169211,story,n
0.43499605361658567,5120064,mean,v
0.0,5161029,floor,n
0.0,5193801,raspberry,n
0.0,5185616,saw,v
0.0,5193815,jelly,n
0.0,5161048,clean,adj
0.0,5136476,think,v
0.49510512897138936,5120114,happen,v
0.0,5169271,story,n
0.0,5111935,very,adv
0.0,5103752,get,v
0.0,5152904,cat,n
0.0,5136523,cat,n
0.0,5111948,nice,adj
0.0,5193874,begins,v
0.0,5161109,finish,v
0.0,5111977,pool,n
0.0,4219051,again,adv
0.0,5103807,guy,n
0.0,5193920,jelly,n
0.0,5169350,have,v
0.3685989635698,5144780,put,v
0.6493838509172211,5193932,juice,n
0.0,5161164,dust,n
0.3869006566098094,5095652,go,v
0.0,5103844,there,adv
0.0,5136612,cat,n
0.0,5185768,wolf,n
0.5941261547656673,5144820,things,n
0.5149178760081861,5120245,know,v
0.0,5185780,wolf,n
0.31914384125900097,5169399,book,n
0.0,5193976,pants,v
0.13828798429890482,5169410,called,v
0.0,5095684,sleep,v
0.43499605361658555,5112078,class,n
1.4165066573842606,5177627,towns,n
0.7278338493159321,5144860,bowl,n
2.1096538379442062,5120285,here,adv
1.6338469256055852,5095710,let,v
0.0,5194029,pants,v
0.6493838509172211,5161266,dirt,n
0.0,5194037,begins,v
0.0,5177653,cities,n
0.43499605361658555,5112124,class,n
0.0,5177666,do,v
0.0,5185866,put,v
0.33271064666877376,5136718,see,v
0.5941261547656673,5144918,do,v
0.3775378158652011,5128535,have,v
2.1096538379442062,5120346,here,adv
0.6657174315389736,5177691,know,v
0.2574546670651227,5153121,think,v
0.0,5194081,letter,n
0.0,5103984,get,v
0.0,5161330,picture,n
0.0,5153140,dirt,n
0.0,5136757,kinds,n
0.0,5194110,jeans,n
0.0,5185922,goes,v
0.0,5095812,guy,n
0.43499605361658555,5112201,class,n
0.0,5161361,about,adv
0.0,5136786,stores,n
0.0,5194132,begins,v
0.0,5153175,floor,n
0.0,5161368,different,adj
1.6635532333438685,5136800,here,adv
0.0,5161377,sizes,n
2.1096538379442062,5120425,here,adv
0.0,5112239,nice,adj
0.0,5095861,man,n
0.0,5104057,thighs,n
0.0,5153210,dust,n
0.0,5194174,letter,n
0.0,5185992,want,v
0.0,5161425,school,n
0.33271064666877376,5136857,see,v
0.0,5186010,find,v
0.21625708402132862,5128669,have,v
0.47706483018556434,5145058,mix,v
0.0,5104100,feet,n
0.0,5153254,floor,n
0.0,5169639,story,n
0.0,5120491,guess,v
0.0,5194225,jeans,n
0.0,5136884,store,n
0.4455946160742501,5145083,together,adv
0.5596558640526252,5128703,seat,n
0.0,5095937,bubbles,n
0.3401299471473198,5136914,sells,v
0.0,5112343,teacher,n
0.31914384125900097,5136925,books,n
0.293254576390746,5120549,know,v
0.0,5128743,put,v
0.0,5169705,story,n
0.0,5194281,starts,v
0.5847300407123244,5194302,letter,n
0.0,5145154,whisk,v
0.0,5186124,spiders,n
0.281121031052498,5112406,think,v
0.0,5169765,story,n
0.0,5145216,whisk,v
0.0,5112450,guy,n
0.2574546670651227,5153422,think,v
0.0,5128859,have,v
0.0,5186208,find,v
0.267365311522491,5137067,read,v
0.5596558640526252,5128880,seat,n
0.2811210310524953,5194419,starts,v
0.0,5112501,teacher,n
0.0,5169846,story,n
0.0,5120721,out,adv
0.0,5128922,put,v
0.5847300407123244,5194463,letter,n
0.16635532333438688,5104352,made,v
0.0,5153509,time,v
0.0,5096170,bubbles,n
0.0,5169898,think,v
0.0,5161711,beads,n
0.0,5112564,guy,n
0.22935017003821706,5178101,place,n
0.6238324625039511,5153534,sleep,n
0.0,5145363,take,v
0.0,5096217,bubbles,n
0.43499605361658555,5178137,world,n
0.0,5169949,need,v
0.0,5112608,teacher,n
0.0,5120800,water,v
0.0,5161770,beads,n
0.0,5145386,long,adj
0.7066982139383009,5120815,out,adv
0.0,5186355,take,v
0.5808917276242955,5145397,time,n
0.3119455409799649,5096251,right,adv
0.4141244019629358,5137214,spells,v
0.12968560152411956,5169986,go,v
0.0,5161799,left,v
0.0,5096266,up,adv
0.31914384125900097,5137230,books,n
0.7066982139383009,5186384,out,adv
0.0,5161811,beads,n
0.0,5194584,jump,n
0.0,5161826,there,adv
0.0,5153635,time,v
0.0,5170020,room,n
0.0,5129069,need,v
0.10648633783851205,5170045,get,v
0.0,5161856,think,v
0.0,5145474,take,v
0.6238324625039511,5153675,sleep,n
0.0,5104525,just,adj
0.5266964611355724,5194642,juggle,v
0.0,5145500,short,adj
0.0,5161885,pig,n
0.31506690025452116,5153697,time,n
0.0,5120930,water,v
0.5808917276242955,5145509,time,n
0.2742120714303085,5161896,did,v
0.0,5120942,out,adv
0.0,5194672,juggler,n
0.4141244019629358,5137329,spell,v
0.0,5161905,do,v
0.23992188978787304,5145531,make,v
0.8515808218307901,5096380,do,v
0.0,5153726,clean,v
0.31914384125900097,5137344,books,n
0.693147180559945,5129158,need,v
0.0,5112796,very,adv
0.12082129172745677,5170141,get,v
0.0,5104609,now,adv
0.47706483018556434,5096418,water,n
0.0,5112808,good,adj
0.22935017003821706,5178360,places,n
0.0,5161984,right,adj
0.3191438412590011,5186566,lose,v
0.6238324625039511,5145607,woman,n
0.0,5170184,off,adv
0.0,5145621,cardinal,adj
0.0,5153816,time,n
0.0,5170203,just,adj
0.43499605361658555,5178404,world,n
0.43499605361658567,5194799,just,adv
0.3150669002545212,5162036,slip,v
0.0,5170228,plain,adj
0.0,5186617,take,v
0.40433585532663463,5104704,baby,n
0.0,5145666,woman,n
0.0,5104718,now,adv
0.0,5145678,cardinal,adj
0.0,5178449,eagles,n
0.36967849629863736,5153876,help,v
0.0,5162069,string,n
0.0,5170273,macaque,n
0.0,5153892,clean,adj
0.0,5186665,flag,n
0.8515808218307901,5096554,do,v
0.0,5162092,fall,n
0.0,5170284,unhappy,adj
0.0,5145721,right,n
0.8935360424566424,5104777,mean,v
0.0,5178513,eagles,n
0.0,5137556,spells,n
0.0,5162132,floor,n
0.0,5153945,good,adj
0.47706483018556434,5096604,water,n
0.0,5104813,toddler,n
0.0,5170349,macaque,n
0.34027225227488256,5162161,so,adv
0.30429323450498913,5121204,see,v
0.43499605361658567,5194932,just,adv
0.0,5186744,see,v
0.0,5153978,very,adv
0.0,5145788,female,n
0.0,5170369,unhappy,adj
0.0,5153992,helpful,adj
0.0,5145802,cardinal,n
0.0,5186764,letter,n
0.0,5153998,worm,n
0.0,5121233,duck,n
0.0,5186773,flag,n
0.43499605361658567,5194970,just,adv
0.36859896356980015,5186788,begins,v
1.1882523095313346,5137652,spells,v
0.2574546670651227,5129466,think,v
0.0,5162236,bead,n
0.0,5145853,seeds,n
0.09232192891179017,5096702,take,v
0.34027225227488256,5121279,home,n
0.0,5154046,knows,v
0.6795961471815891,5137669,drugs,v
0.0,5154077,do,v
0.0,5186847,sounds,v
0.0,5096739,bath,n
0.0,5121331,duck,n
0.0,5129531,girl,n
0.5820933997458537,5104956,said,v
0.43499605361658555,5113149,class,n
0.0,5154111,lot,n
0.0,5104966,baby,n
0.0,5145926,seeds,n
0.0,5195084,jog,n
0.0,5178701,birds,n
0.0,5113172,teacher,n
0.34027225227488256,5121365,home,n
0.0,5154135,things,n
0.0,5137762,drugs,n
0.0,5105008,baby,n
0.0,5121413,duck,n
0.7066982139383009,5129611,kiss,v
0.0,5113230,kiss,n
0.31506690025452116,5186972,right,adv
0.0,5146017,seeds,n
0.5847300407123246,5195169,joke,n
0.0,5129645,little,adj
0.0,5170618,poor,adj
0.0,5162434,sun,n
0.0,5170628,macaque,n
0.0,5195204,jiggle,v
0.0,5154249,there,adv
0.0,5105105,toddler,n
0.34027225227488256,5121501,home,n
0.0,5146085,now,adv
0.0,5178876,do,v
0.0,5187068,letter,n
0.0,5162498,think,v
0.0,5178886,birds,n
0.19343642248184517,5170698,take,v
0.5008608541037434,5178892,do,v
0.0,5137937,pig,n
0.0,5170708,care,n
0.0,5105174,baby,n
0.0,5129760,on,adv
0.0,5187108,see,v
0.0,5146148,tree,n
0.0,5195307,juggler,n
0.0,5154352,there,adv
0.5545177444479568,5187129,letter,n
0.0,5178943,fly,v
0.34027225227488256,5121613,home,n
0.0,5162580,paint,n
0.0,5146203,think,v
0.0,5178977,hatch,v
0.49510512897138953,5097079,want,v
0.0,5138039,pig,n
0.0,5179001,out,adv
0.2811210310524981,5121662,think,v
0.0,5162622,think,v
0.0,5105283,baby,n
0.0,5187210,page,n
0.0,5129867,pumpkin,n
0.0,5154444,umbrella,n
0.0,5146255,still,v
0.0,5105298,still,adv
0.0,5154451,stand,n
0.7153423986707825,5179028,eggs,n
0.19892427284996272,5170837,take,v
0.0,5162653,paint,v
0.0,5170851,care,n
0.0,5187246,letter,n
0.0,5138103,street,n
0.0,5121722,house,n
0.10220606160904011,5097147,take,v
0.0,5179076,birds,n
0.0,5154508,umbrellas,n
0.0,5129940,needs,v
0.0,5146325,there,adv
0.47706483018556434,5097177,bath,n
0.0,5187291,there,adv
0.0,5129961,pajamas,n
0.7066982139383009,5129971,on,adv
0.281121031052498,5121781,think,v
0.49510512897139014,5138174,street,n
0.0,5154565,umbrella,n
0.0,5154576,stand,n
0.0,5146385,have,v
0.0,5179153,build,v
0.9241962407465938,5121814,old,adj
0.0,5170973,bet,v
0.0,5121826,house,n
0.0,5179170,nests,n
0.0,5105453,think,v
0.0,5146417,glasses,n
0.0,5162806,think,v
0.693147180559945,5146426,on,adv
0.0,5179198,live,adj
0.0,5130050,need,v
0.0,5187398,flag,n
0.07991579258220535,5171016,make,v
0.8135492911428084,5097289,know,v
0.0,5162827,time,n
0.0,5138255,street,n
0.0,5179215,in,adv
0.0,5187410,goes,v
0.0,5105494,little,adj
0.30429323450498913,5146461,see,v
0.7844872719057673,5162850,put,v
0.0,5105507,baby,n
0.2574546670651226,5171042,feel,v
0.0,5187427,there,adv
0.0,5121896,go,v
0.0,5171058,better,adj
0.31506690025452116,5097334,time,n
0.5545177444479568,5138299,busy,adj
0.0,5179259,did,v
0.5545177444479563,5138314,town,n
0.0,5162893,pajamas,n
0.25745466706512266,5146513,well,adv
0.0,5097380,little,adj
0.0,5154726,umbrellas,n
0.0,5146545,think,v
0.2811210310524982,5171125,think,v
0.0,5179318,know,v
0.0,5130170,need,v
0.0,5187514,begins,v
0.0,5179331,eagles,n
0.0,5105610,little,adj
0.49510512897138953,5121996,wants,v
0.0,5105619,baby,n
0.0,5130195,nurse,v
0.0,5162964,read,v
0.0,5195731,jail,n
6.661338147750939e-16,5097433,miss,v
0.0,5113818,duck,n
0.0,5171168,unhappy,adj
0.5545177444479568,5138402,busy,adj
0.0,5122021,rake,n
0.0,5187560,letter,n
0.0,5162988,pages,n
0.5545177444479563,5138416,town,n
0.0,5154809,outside,adv
0.0,5179386,dinosaurs,n
0.0,5130241,need,v
0.40433585532663463,5146630,beds,n
0.0,5154844,needs,v
0.0,5187612,fish,n
0.0,5105702,little,adj
0.49510512897138953,5122092,wants,v
0.0,5163052,page,n
0.0,5130286,nurse,v
0.0,5154865,umbrellas,n
0.0,5105715,baby,n
0.0,5146680,ooh,v
0.0,5138505,cat,n
0.0,5163083,pajamas,n
0.0,5113932,hot,adj
0.0,5171277,unhappy,adj
0.0,5130318,need,v
0.0,5138518,live,adj
0.0,5138531,in,adv
0.5847300407123244,5130345,nurse,v
0.5545177444479568,5138542,busy,adj
0.0,5154930,think,v
0.0,5187704,get,v
0.5847300407123263,5138554,town,n
0.0,5130368,need,v
0.49510512897138953,5122189,wants,v
0.0,5163153,page,n
0.0,5179539,hear,v
0.0,5195923,girl,n
0.0,5187733,picture,n
0.0,5122217,rake,n
0.0,5179572,rain,n
0.5693815825093052,5097659,say,v
0.48928036274819664,5114043,stick,v
0.0,5179581,now,adv
0.0,5187777,there,adv
0.0,5163206,read,v
0.0,5114067,finger,n
0.39922704544995474,5114072,under,adv
0.0,5187803,picture,n
0.0,5130461,about,adv
0.0,5114082,there,adv
0.0,5196018,girl,n
0.2553938551983186,5155059,take,v
0.0,5130483,pajamas,n
0.5941261547656673,5146873,think,v
0.5266964611355692,5105917,wants,v
0.281121031052498,5122303,think,v
0.0,5187841,fish,n
0.0,5171467,eat,v
0.0,5187854,somewhere,n
0.40433585532663463,5155104,green,n
0.0,5138722,think,v
0.34027225227488256,5122343,home,n
0.0,5155114,umbrella,n
0.0,5130539,need,v
0.0,5179690,hear,v
0.6493838509172212,5171499,coconuts,n
0.0,5146926,up,adv
0.0,5196083,begins,v
0.34027225227488245,5138741,fire,n
0.0,5097791,wants,v
0.0,5179712,way,n
0.5424630108730012,5138756,come,v
0.0,5130571,nurse,v
0.0,5097804,soap,n
1.0397207708399174,5138769,back,adv
0.5847300407123244,5196117,letter,n
0.0,5146967,morning,n
0.0,5163356,wide,adj
0.0,5187941,fish,n
0.0,5155175,use,v
0.0,5163368,wide,adj
1.372754457508434,5138793,night,n
0.5266964611355692,5106026,wants,v
0.31506690025452116,5146991,picture,n
0.0,5179759,sounds,v
0.4393627312357234,5122419,work,v
0.0,5155207,green,n
0.0,5179784,water,n
0.39922704544995474,5097867,mouth,n
0.0,5187987,there,adv
0.0,5130646,nurse,n
0.0,5171607,little,adj
0.0,5138852,fire,n
0.0,5171624,girl,n
0.0,5122473,yard,n
0.0,5106105,bottom,adj
0.36164200724866774,5138873,come,v
0.0,5163451,sizes,n
0.0,5155263,take,v
1.0397207708399174,5138882,back,adv
0.47706483018556434,5097923,wants,v
0.0,5188042,red,n
0.0,5097936,soap,n
0.5820933997458537,5171664,said,v
0.0,5179856,outside,adv
0.0,5188053,fish,n
1.4483705135695193,5138903,night,n
0.0,5163481,shapes,n
0.681011823615502,5147099,hair,n
0.5847300407123246,5196251,like,v
0.0,5155298,turn,n
0.0,5196272,draw,v
2.0794415416798357,5106161,there,adv
0.39922704544995474,5097976,mouth,n
0.2932545763907464,5106171,see,v
0.0,5155328,green,n
0.0,5196297,crayons,n
0.0,5179916,cats,n
0.2811210310524981,5122584,do,v
0.0,5130780,cat,n
0.0,5163551,wide,adj
0.22935017003821706,5171749,find,v
0.0,5122597,work,n
0.0,5163559,book,n
0.24946749917394567,5106218,well,adv
0.0,5179946,dogs,n
0.47706483018556434,5114413,water,n
0.0,5171767,out,adv
0.681011823615502,5147198,hair,n
0.0,5188158,here,adv
0.0,5155396,take,v
0.2301604471797082,5106247,get,v
0.0,5130825,hat,n
0.0,5122645,yard,n
0.0,5155415,turn,n
0.0,5188194,go,v
0.0,5139044,mean,adj
0.0,5163622,narrow,adj
0.6493838509172212,5147241,wonder,v
0.0,5106285,little,adj
0.526696461135569,5130862,just,adv
0.0,5114479,little,adj
0.0,5180016,hear,v
0.0,5163633,book,n
0.0,5122678,duck,n
0.3736756570366836,5155456,green,n
0.0,5106307,soap,n
0.0,5196425,listen,v
0.0,5180042,meows,v
0.7066982139383009,5098123,mess,v
0.5545177444479568,5098133,up,adv
0.0,5130905,cat,n
0.0,5163673,narrow,adj
0.0,5196451,music,n
0.0,5188260,put,v
0.0,5122728,duck,n
0.0,5163690,book,n
0.0,5106356,bottom,n
0.0,5130935,hat,n
0.0,5163705,right,adj
0.0,5122763,duck,n
0.2811210310524982,5155537,think,v
0.0,5098195,eyes,n
0.281121031052498,5114580,think,v
0.0,5122777,duck,n
0.0,5188313,goes,v
0.0,5180124,meow,v
0.0,5139169,think,v
0.0,5171940,do,v
0.0,5155560,mean,adj
0.293254576390746,5130987,read,v
0.0,5163756,do,v
0.0,5180142,meow,v
0.0,5122803,duck,n
0.2574546670651227,5147379,think,v
0.0,5163776,see,v
0.0,5122817,duck,n
0.0,5114627,mean,adj
0.31914384125900097,5131014,book,n
0.0,5196562,go,v
0.106486337838512,5098259,get,v
0.0,5122844,duck,n
0.0,5196574,down,adv
0.0,5163809,picture,n
0.0,5106473,time,n
0.09232192891179017,5155629,take,v
0.0,5180205,meow,v
0.0,5114669,warm,adj
0.0,5139248,room,n
0.0,5098294,eyes,n
0.0,5196601,see,v
0.0,5122876,duck,n
0.0,5180220,meow,v
0.293254576390746,5131079,read,v
0.0,5172041,do,v
0.0,5188432,put,v
0.0,5122900,duck,n
0.0,5106529,rinsie,n
0.31914384125900097,5131107,book,n
0.0,5122916,duck,n
0.0,5196649,basement,n
0.0,5188461,somewhere,n
0.0,5106545,rinsie,n
0.0,5155698,have,v
0.0,5196661,office,n
0.0,5122944,duck,n
0.0,5098375,soap,n
0.7202381175497576,5172112,begins,v
0.0,5147541,come,v
0.0,5139361,room,n
0.0,5114786,warm,adj
0.2574546670651227,5139385,think,v
0.10648633783851201,5098432,get,v
0.0,5188544,go,v
0.40433585532663463,5155780,sound,v
0.6493838509172212,5172165,coconut,n
0.0,5131207,bed,n
0.0,5163979,desk,n
0.0,5114831,hot,adj
0.0,5139409,right,n
0.0,5188563,there,adv
0.0,5180379,bear,n
0.0,5098460,little,adj
0.0,5164013,think,v
0.0,5098481,piece,n
0.4146303904890235,5155838,have,v
0.0,5139459,think,v
0.0,5131268,go,v
0.5243054481835889,5131277,over,adv
0.0,5180435,very,adv
2.0794415416798357,5131286,there,adv
0.0,5155867,cold,n
0.0,5188643,fish,n
0.0,5180463,bear,n
0.0,5131314,read,v
0.0,5172279,stand,n
0.0,5147706,think,v
0.0,5139523,kitchen,n
0.0,5196873,went,v
0.0,5164114,think,v
0.0,5114963,put,v
0.0,5098580,scrub,v
0.0,5196892,over,adv
0.49510512897138953,5147744,wants,v
0.0,5196900,down,adv
0.0,5188713,know,v
0.6795961471815891,5106802,doll,n
0.0,5114996,hands,n
0.0,5147772,use,v
0.0,5172354,stands,n
0.39922704544995474,5115013,under,adv
0.0,5164178,bug,n
0.0,5115028,there,adv
0.0,5196966,think,v
0.0,5164200,bug,n
0.0,5098670,scrub,v
0.0,5180592,just,adv
0.0,5123260,has,v
0.0,5147840,think,v
0.0,5196995,does,v
0.0,5139652,think,v
0.12968560152411956,5188804,go,v
0.0,5164231,little,adj
0.0,5180619,saw,v
0.7650661395975138,5098708,hair,n
0.0,5115097,warm,adj
0.0,5147869,little,adj
0.0,5156063,nose,n
0.0,5123299,towel,n
0.5941261547656673,5172451,think,v
0.0,5156072,stuffed,v
0.5766518560960894,5139689,do,v
0.7066982139383009,5180649,lightning,n
0.0,5188845,outline,n
0.0,5156080,up,adv
0.0,5172489,stands,n
0.0,5139723,kitchen,n
0.0,5115149,hot,adj
0.0,5090582,alone,adv
0.0,5197079,want,v
0.0,5172507,girl,n
0.0,4287775,pretend,v
0.693147180559945,5180711,there,adv
0.0,5197101,come,v
0.0,4287803,school,n
0.4635137968072098,5098812,want,v
0.0,5164348,bug,n
0.0,5197119,upstairs,adv
0.7066982139383009,5180737,lightning,n
0.0,5147977,little,adj
0.0,5115210,hot,adj
0.10648633783851201,5107023,get,v
0.0,5188945,want,v
0.37042797383044845,5139796,make,v
0.0,5172567,stands,n
0.0,5188980,do,v
0.0,5164407,desk,n
0.4455946160742501,5180797,means,v
0.0,5197181,go,v
0.0,4287871,pretend,v
0.0,5172609,girl,n
0.0,5115272,hot,adj
0.43499605361658567,5197192,ask,v
0.10648633783851201,5107096,get,v
0.2399218897878731,5139868,make,v
0.0,4287903,school,n
0.0,5180836,thunder,v
0.0,5172655,stands,n
0.0,5164471,bug,v
0.0,5197243,wants,v
0.0,5180863,second,adj
0.0,5139910,kitchen,n
0.0,5189063,just,adj
0.0,5098952,too,adv
0.0,5131720,picture,n
0.0,5107146,bubbles,n
0.0,5148114,little,adj
0.0,5197283,come,v
0.0,5189092,important,adj
0.0,5197292,upstairs,adv
0.5545177444479568,5172721,girl,n
0.0,5148156,toilet,n
0.0,5139966,wash,v
0.0,5131780,picture,n
0.0,5090824,close,adj
0.0,5123600,duck,n
0.23829527466721012,5139984,hands,n
0.0,5115408,uneven,adj
0.0,5189143,right,adj
0.0,5123614,duck,n
0.0,5164579,pig,n
0.0,5123624,duck,n
0.6079826646141072,5090867,day,n
0.0,5123635,duck,n
0.7066982139383009,5189174,there,adv
0.0,5099066,second,adj
0.0,5156416,cup,n
0.0,5131843,pig,n
0.7202381175497576,5172803,begins,v
0.0,5123653,duck,n
0.0,5140040,wash,v
0.6657174315389738,5181008,stop,v
0.0,5156443,saucer,n
0.4455946160742501,5189212,worry,v
0.0,5164642,pig,n
0.21745793899919907,5090917,end,n
0.0,5181030,now,adv
0.5546636507248808,5107309,slipped,v
0.23829527466721012,5140083,hands,n
0.0,5156471,mug,n
0.0,4288121,thank,v
0.7202381175497576,5172857,begins,v
0.2574546670651227,5148289,think,v
0.0,5164678,paper,n
0.6079826646141072,5090955,day,n
0.0,5164690,hat,n
0.0,5131924,pig,n
0.0,5181078,probably,adv
0.0,5189273,fish,n
0.0,5181090,time,v
0.0,5156515,more,adv
0.0,5172901,girl,n
0.7202381175497576,5172907,begins,v
0.0,5148333,enough,adv
0.5266964611355728,5164726,triangle,n
0.0,5181112,get,v
0.0,5164741,hat,n
0.0,5091020,car,n
0.2337883030777472,5140173,things,n
0.40433585532663463,5181137,bed,n
0.0,5189330,words,n
0.0,4288212,now,adv
0.0,5107416,hit,v
0.0,5140185,do,v
0.15534087054458084,5132000,come,v
0.0,5189345,begin,v
0.0,5091050,windows,n
0.0,4288237,have,v
0.09660587882368638,5156590,carry,v
0.5243054481835889,5132018,over,adv
0.0,5172978,know,v
0.0,5140212,think,v
0.12745048133350625,5107450,head,n
0.9313036309922975,5132027,there,adv
0.2574546670651225,5140236,do,v
0.0,5156625,things,n
0.6795961471815891,5091100,need,v
0.0,5148444,little,adj
0.0,5107486,tub,n
0.0,5181225,need,v
0.0,4288305,school,n
0.0,5140277,kitchen,n
0.0,5173050,stand,n
0.0,5181244,nurse,n
0.0,5107518,very,adv
0.0,5181254,again,adv
0.0,5156680,think,v
0.9856315148743332,5107534,hard,adv
0.47706483018556434,5091152,down,adv
0.0,5156698,mean,v
0.6477434207632287,5132133,second,n
0.0,5181286,thunders,v
0.0,5123946,slippery,adj
0.0,5189485,fish,n
0.639268520308204,5091198,now,adv
0.0,5164927,hat,n
0.3862739705906819,5123970,play,n
0.0,5156738,plate,n
0.4455946160742501,5140356,use,n
0.0,5189511,fish,n
0.27421207143030857,5181320,did,v
0.22168220639529757,5099402,got,v
0.0,5140371,powder,n
0.0,5148564,little,adj
0.40433585532663463,5181341,brush,v
0.49510512897138953,5148579,wants,v
0.0,5132208,street,n
0.0,5091251,tell,v
1.3862943611198906,5124020,want,v
0.0,5107637,bubbles,n
0.693147180559945,5099450,scrub,n
0.0,5148605,do,v
0.0,5156802,plate,n
0.2673653115224933,5115860,say,v
0.31914384125900097,5124052,fall,n
0.4455946160742501,5140440,use,n
1.732867951399863,5115872,there,adv
0.0,5140453,powder,n
0.0,5124078,hit,v
0.0,5165041,hat,n
1.1882523095313349,5091322,truth,n
0.0,5181438,did,v
0.8024475821230183,5099522,think,v
0.0,5132300,street,n
0.0,5124109,again,adv
0.2574546670651226,5156882,wash,v
0.0,5173272,about,adv
1.1566609773671552,5099553,want,v
0.8935360424566424,5140524,mean,v
0.0,5189678,friend,n
0.0,5181488,scared,v
0.0,5107762,rinse,v
0.47706483018556434,5115956,water,n
0.0,5148728,use,v
0.0,5099582,little,adj
0.31914384125900097,5173311,read,v
0.0,5124171,careful,adj
0.0,5156941,think,v
0.0,5107792,off,adv
0.0,5148753,toilet,n
0.0,5099602,bit,n
0.0,5173330,cat,n
0.5982810740906812,5091416,episode,n
0.7066982139383009,5189726,fat,n
0.0,5156964,right,n
0.7066982139383009,5181541,thunder,n
0.2337883030777472,5140596,think,v
0.0,5099638,soap,n
0.32703097028917294,5107832,make,v
0.0,5165177,cone,n
0.0,5124221,get,v
0.0,5173373,hat,n
0.0,5124228,out,adv
0.0,5173383,now,adv
0.0,5197964,see,v
0.0,5140624,cat,n
0.0,5132434,building,n
0.6795961471815891,5091484,back,adj
0.0,5107872,bubbles,n
0.0,5157029,cat,n
0.0,5165223,shape,n
0.2337883030777472,5140653,think,v
1.355634162829939,5140663,baby,n
0.526696461135569,5173433,just,adv
0.49510512897138953,5099720,want,v
0.36325281115872965,5173448,keep,v
0.0,5157076,grater,n
0.08840137954967438,5181653,give,v
0.0,5107930,bubbles,n
0.0,5165282,cone,n
0.0,5099756,little,adj
1.6635532333438685,5165306,cone,n
0.0,5091579,garage,n
0.4951051289713895,5132548,just,adv
0.49510512897139003,5091595,door,n
0.31506690025452055,5099787,bit,n
0.0,5132556,building,n
0.0,5140756,cat,n
0.5266964611355727,5148949,like,v
0.0,5181716,hug,n
0.0,5091609,needs,v
0.0,5107993,slippery,adj
0.0,5157145,apron,n
0.5545177444479561,5148970,do,v
0.0,5108011,baby,n
0.0,5198124,house,n
0.0,5165359,cone,n
0.0,5099826,soap,n
0.0,5165368,part,n
0.40433585532663463,5108038,mean,v
0.32008247832915504,5181766,make,v
1.4165066573842606,5165398,cone,n
0.0,5108056,toddler,n
0.0,5181788,better,adj
0.0,5165419,shape,n
0.40433585532663463,5099885,little,adj
0.46351379680720745,5132665,street,n
0.31506690025452055,5099904,bit,n
0.21994450920289776,5108104,slip,n
0.0,5157257,apron,n
0.0,5099926,soap,n
0.0,5140888,up,adv
0.0,5149087,think,v
0.0,5108129,slippery,adj
0.40433585532663463,5108144,baby,n
0.0,5190065,begins,v
0.0,5198258,vacation,n
0.4141244019629358,5091761,back,adv
0.0,5165492,use,v
0.0,5149115,need,v
0.0,5198267,house,n
0.0,5140929,bed,n
0.0,5190096,letter,n
0.4455946160742501,5149137,flush,v
0.0,5091812,very,adv
0.6238324625039512,5100008,there,adv
0.7066982139383009,5108205,slippery,adj
0.0,5091826,very,adv
0.0,5157364,get,v
0.0,5091838,shortly,adv
1.0397207708399179,5108222,baby,n
0.12968560152411956,5149182,go,v
0.0,5140995,say,v
0.0,5141019,powder,n
0.2574546670651227,5132828,think,v
0.29325457639074604,5190173,know,v
0.6238324625039512,5100063,there,adv
0.0,5157409,wet,adj
0.0,5141033,do,v
0.281121031052498,5124661,think,v
0.0,5132862,clothing,n
0.0,5165632,sit,v
0.46351379680721194,5157454,water,n
2.1878586815274574,5108303,here,adv
0.0,5132882,store,n
0.0952144739935232,5100119,get,v
0.8935360424566424,5141079,mean,v
0.281121031052498,5124700,think,v
0.25106526369917503,5198433,place,n
0.0,5173862,pope,n
0.12968560152411956,5108331,go,v
0.0,5173873,pope,n
0.0,5100148,quick,adv
0.526696461135569,5124735,just,adv
0.0,5091968,lot,n
0.0,5198466,visited,v
0.4455946160742501,5190281,bushes,n
0.5941261547656673,5157514,wash,v
0.0,5141133,powder,n
0.0,5124751,need,v
0.6238324625039512,5100186,there,adv
0.0,5157531,dishes,n
0.281121031052498,5124778,think,v
0.0,5092012,bubbles,n
0.0,5198509,vacation,n
0.4757639386943956,5108402,see,v
0.3443810106972932,5132979,open,adj
0.0,5198520,house,n
0.4455946160742501,5190335,bushes,n
0.693147180559945,5100227,scrub,n
0.0,5132997,people,n
0.0,5124809,need,v
0.0,5165772,giraffe,n
0.0,5182160,sing,v
0.7232840144973348,5133025,come,v
0.281121031052498,5124834,think,v
0.0,5173987,song,n
0.0,5157608,has,v
0.0,5133039,buy,n
0.89231255637598,5174000,says,v
0.281121031052498,5124855,think,v
0.0,5174014,pope,n
0.0,5190400,herb,n
0.0,5165825,giraffe,n
0.0,5157639,apron,n
0.0,5141258,thought,v
0.0,5124876,need,v
0.0,5141269,so,adv
0.0,5182239,sing,v
0.7066982139383009,5157668,on,adv
0.0,5108521,toddler,n
0.0,5165872,book,n
0.693147180559945,5124923,sing,v
0.31991408333535976,5133116,see,v
0.0,5124933,think,v
0.0,5100357,little,adj
0.0,5149510,grater,n
0.0,5141328,think,v
0.4455946160742501,5092178,back,adv
0.0,5100376,bit,n
0.3150669002545212,5108571,know,v
0.0,5124956,song,n
0.0,5157735,cook,n
0.0,5141362,just,adj
0.8356387755004542,5108601,think,v
0.6238324625039512,5133180,there,adv
0.89231255637598,5174144,says,v
0.0,5116802,song,n
0.0,5190531,begins,v
0.0,5092228,need,v
0.0,5165965,think,v
0.0,5108623,need,v
0.0,5100439,little,adj
0.0,5108632,soap,n
0.89231255637598,5174168,says,v
0.693147180559945,5141403,powder,n
0.0,5100451,bit,n
0.0,5092263,towel,n
0.31914384125900097,5165992,book,n
0.2574546670651227,5149609,think,v
0.0,5182376,want,v
0.0,5157804,cook,v
0.5847300407123246,5174204,poke,v
0.0,5108673,soap,n
0.0,5198788,different,adj
0.0,5149638,cat,n
0.0,5182415,put,v
0.0,5190608,cat,n
2.0794415416798357,5100497,there,adv
0.0,5198802,town,n
0.0,5149654,family,n
0.0,5133271,think,v
0.0,5108700,there,adv
0.3992270454499549,5190621,circle,n
0.0,5141473,powder,n
0.0,5092322,diaper,n
0.0,5198820,called,v
0.0,5190652,carrot,n
0.5847300407123246,5174269,poke,v
0.0,5141509,use,v
0.22480449099241473,5116934,get,v
0.0,5149703,use,v
0.2301604471797082,5108748,get,v
0.31914384125900097,5166098,book,n
0.0,5157909,cook,v
0.0,5116957,rid,v
0.0,5149725,grater,n
0.0,5133343,think,v
0.0,5108770,soap,n
0.0,5182499,player,n
0.0,5190690,now,adv
0.0,5190702,want,v
0.0,5125176,reason,n
0.0,5133371,clothing,n
0.5545177444479568,5174342,poke,v
0.0,5116999,dirty,adj
0.0,5100619,scrub,v
0.0,5133387,store,n
0.37808028030542473,5092430,good,adj
0.0,5190734,find,v
0.0,5198929,city,n
0.47706483018556434,5117010,water,n
0.8416787192513622,5125204,know,v
0.0,5157977,think,v
0.0,5149787,salty,adj
0.5982810740906812,5100642,chest,n
0.23282227412817716,5141602,make,v
0.0,5149800,cheese,n
0.7066982139383009,5190765,grapes,n
1.1208226159012364,5108848,want,v
0.0,5125237,words,n
0.0,5149815,grate,n
0.0,5158010,make,v
0.7111432767019298,5092490,mean,v
0.0,5166223,name,n
0.4951051289713897,5149844,carrots,n
0.31506690025452055,5125274,new,adj
0.0,5199005,town,n
0.0,5133472,there,adv
0.6616404905344938,5100708,know,v
0.0,5174437,think,v
0.31914384125900097,5166250,book,n
0.4951051289713895,5092523,just,adv
0.22480449099241473,5117105,get,v
0.0,5166261,do,v
0.0,5133493,sign,n
0.0,5174459,meant,v
0.0,5117118,rid,v
0.0,5125310,song,n
0.2446401813740982,5158079,make,v
0.0,5190853,thought,v
0.0,5158089,pasta,n
0.0,5166283,think,v
0.0,5149907,salty,adj
0.0,5190875,saw,v
0.5847300407123246,5174494,poke,v
0.0,5100767,scrub,v
0.0,5149923,cheese,n
0.0,5108965,can,n
0.0,5141736,do,v
0.7426576934570837,5092586,do,v
0.7066982139383009,5190892,grapes,n
0.0,5117172,dirty,adj
0.0,5174516,little,adj
0.0,5100792,ears,n
0.4951051289713897,5149945,carrots,n
0.0,5182716,well,n
0.5149178760081861,5125380,know,v
0.0,5141766,think,v
0.47706483018556434,5117191,water,n
0.5847300407123261,5190918,day,n
0.693147180559945,5199110,vacation,n
0.16309345424939878,5158158,make,v
0.9241962407465938,5100824,told,v
0.0,5125403,words,n
0.0,5158174,pasta,n
0.0,5182763,first,adv
1.4270677246822405,5125422,better,adv
0.34027225227488245,5141806,put,v
0.22480449099241473,5117240,get,v
0.823759538518401,5150011,carrots,n
0.0,5125440,record,v
0.0,5117256,rid,v
0.4862694066697466,5133648,see,v
0.0,5109072,faucet,n
0.5847300407123246,5174610,poke,v
0.46351379680720983,5109081,just,adv
0.0,5125469,do,v
0.0,5199207,bird,n
0.31914384125900097,5109098,turn,n
0.0,5117291,dirty,adj
0.0,5174635,girl,n
0.6238324625039512,5100909,scrub,v
0.4951051289713897,5150064,carrots,n
0.0,5141882,sugar,n
0.47706483018556434,5117307,water,n
0.0,5092735,pour,v
0.0,5158271,kind,n
0.07991579258220537,5150085,make,v
0.0,5100936,ears,n
0.5847300407123246,5174673,poke,v
0.47706483018556434,5109138,water,n
0.0,5199253,did,v
0.40433585532663463,5150102,little,adj
0.0,5150113,pieces,n
0.0,5158306,pasta,n
0.0,5182884,first,adv
0.0,5092775,out,adv
0.0,5174695,girl,n
0.0,5150129,out,adv
0.0,5109170,rinse,n
0.0,5199283,see,v
0.6795961471815891,5092788,out,adv
0.0,5141942,sugar,n
0.0,5158332,orzo,n
0.0,5199297,bird,n
0.0,5191109,see,v
0.6795961471815891,5092807,out,adv
0.0,5182921,up,adv
0.0,5125581,do,v
0.0,5101010,cheeks,n
0.0,5158364,orzo,n
0.0,5166561,saw,n
0.0,5182947,now,adv
0.0,5117414,dirty,adj
0.0,5191144,purple,n
0.0,5150185,grater,n
0.0,5092843,tub,n
0.47706483018556434,5117425,water,n
0.7066982139383009,5191156,grapes,n
0.0,5199356,like,v
0.8613251658232517,5174790,told,v
0.2337883030777497,5101076,think,v
0.0,5109271,clean,adj
0.24953298500158033,5092895,make,v
0.0,5109286,amount,n
0.49510512897138953,5101100,want,v
0.0,5150258,grater,n
0.0,5158460,so,adv
0.0,5125697,dry,adj
0.7111432767019299,5150278,sound,n
0.47706483018556434,5109320,water,n
0.0,5117516,dirty,adj
0.0,5158476,lucky,adj
0.0,5199438,seeds,n
0.0,5092952,floor,n
0.47706483018556434,5117532,water,n
0.0,5174879,thunder,n
0.0,5133928,clothing,n
0.4635137968072098,5101167,wanted,v
0.0,5158513,think,v
0.0,5133942,store,n
0.2811210310524982,5166721,think,v
0.0,5125774,away,adv
0.0,5174926,loves,v
0.8008123910867071,5101206,have,v
0.0,5174946,thunder,n
0.0,5133992,think,v
1.0576399515728794,5158571,pour,v
0.0,5117613,dirty,adj
0.0,5101232,scrub,n
0.0,5199538,still,adv
0.47706483018556434,5117623,water,n
0.0,5109433,do,v
0.0,5158585,orzo,n
0.2574546670651227,5134025,think,v
0.16382928290590432,5150411,make,v
0.4349960536165855,5093071,work,n
0.0,5199568,seeds,n
0.0,5183186,do,v
0.0,5101269,nose,n
0.0,5199576,there,adv
0.0,5175002,thunder,n
0.3992270454499549,5150436,sound,n
0.26384312034217344,5142251,goes,v
0.27421207143030857,5109487,well,adv
0.0,5183217,book,n
0.0,5117693,dirty,adj
1.0397207708399179,5183230,together,adv
0.0,5199616,think,v
0.0,5175045,thunder,n
1.0711909849512313,5158661,pour,v
0.5583799032764762,5109515,think,v
0.47706483018556434,5117708,water,n
2.0794415416798357,5199627,there,adv
1.2198436416955176,5166862,like,v
0.5545177444479568,5101331,always,adv
0.0,5191443,iron,n
0.0,5125908,away,adv
0.0,5158683,orzo,n
0.0,5101342,get,v
0.10648633783851201,5166878,get,v
0.0,5199647,seeds,n
0.0,5150499,little,adj
0.0,5134121,think,v
0.9313036309922975,5101354,food,n
0.0,5150513,knife,n
0.7066982139383009,5166898,out,adv
0.5545177444479568,5101367,up,adv
0.0,5191479,iron,n
0.0,5109561,though,adv
0.4455946160742501,5175099,means,v
0.0,5134150,store,n
0.0,5117771,very,adv
0.18670853487001263,5093196,clean,adj
0.0,5142350,think,v
0.0,5117781,dirty,v
0.0,5166938,diaper,n
0.0,5191516,begins,v
0.0,5093213,up,adv
0.5545177444479568,5117789,actually,adv
0.12082129172745677,5109604,get,v
0.6493838509172212,5175143,rain,n
0.0,5158760,think,v
0.0,5166960,flush,adv
0.0,5191537,stands,v
0.2811210310524952,5183348,do,v
0.0,5199734,feeder,n
0.0,5191560,iron,n
0.0,5150601,page,n
0.49510512897138953,5166986,down,adv
0.0,5142414,kind,n
1.1882523095313346,5093265,just,adv
0.0,5117841,rinse,n
0.0,5191573,letter,n
0.0,5175191,loves,v
0.0,5158808,worm,n
0.0,5183384,book,n
0.16575258665563866,5093275,blow,v
0.47706483018556434,5117852,water,n
0.0,5199773,little,adj
0.0,5109664,guy,n
0.0,5167010,toilet,n
0.0,5175203,thunder,n
0.0,5117861,so,adv
0.0,5150634,housework,n
0.0,5199789,feeder,n
0.34215783724433296,5199797,right,adv
0.0,5191613,iron,n
0.0,5199808,here,adv
-2.664535259100375e-15,5142474,do,v
0.22480449099241473,5109708,get,v
0.0,5175252,thunder,n
0.281121031052498,5126113,think,v
0.0,5117922,very,adv
0.0,5150690,do,v
0.0,5142502,think,v
0.0,5158886,worm,n
0.49510512897138953,5101545,wants,v
0.0,5199849,seeds,n
0.0,5191660,tool,n
0.0,5150701,housework,n
0.0,5117939,clean,adj
0.700393395040507,5093364,place,n
0.40433585532663463,5117951,baby,n
0.0,5109759,soap,n
0.4412607847052852,5183488,find,v
0.281121031052498,5126157,think,v
0.0,5150738,house,n
0.0,5191699,use,v
0.0,5175321,thunder,n
0.0,5158939,knows,v
0.0,5199900,see,v
0.0,5191719,make,v
0.0,5117994,toddler,n
0.0,5134382,about,adv
0.0,5142574,elephant,n
1.732867951399863,5101616,there,adv
0.2742120714303085,5167162,do,v
0.22168220639529757,5109820,get,v
0.0,5093447,there,adv
0.0,5191751,nice,adj
0.0,5134409,barber,n
0.0,5175371,clouds,n
1.0397207708399179,5118032,baby,n
0.693147180559945,5109845,soap,n
0.12968560152411956,5101654,go,v
0.0,5118050,toddler,n
0.0,5175407,sky,n
0.0,5142644,elephant,n
0.0,5183604,player,n
0.1969997250012476,5101688,have,v
0.0,5150840,do,v
0.0,5191802,think,v
0.2811210310524982,5200001,think,v
0.0,5109890,guy,n
0.23829527466721012,5134471,closed,v
0.40433585532663463,5159047,wash,n
0.0,5159057,hands,v
0.0,5150867,housework,n
0.0,5118104,toddler,n
0.0,5101724,soap,n
1.0397207708399179,5118117,baby,n
0.0,5200038,get,v
1.638001844930599,5142708,food,n
0.0,5200052,ready,adj
0.0,5183675,go,v
0.0,5150910,think,v
0.0,5134528,think,v
0.0,5134536,think,v
0.0,5126345,still,adv
0.0,5200074,go,v
0.27421207143030824,5167310,think,v
0.0,5175504,thunder,n
0.0,5142739,in,adv
0.0,5101781,just,adv
0.0,5109983,ready,adj
0.0,5134559,cat,n
0.0,5175525,outside,adv
0.0,5159147,nose,n
0.0,5101804,now,adv
0.2174579389991985,5183723,find,v
0.3736756570366836,5118200,baby,n
0.0,5110013,get,v
0.20110268331211983,5134590,get,v
0.27421207143030824,5167366,do,v
0.0,5183751,goes,v
0.0,5191943,go,v
0.0,5200134,go,v
0.0,5093648,out,adv
0.34027225227488245,5142802,put,v
0.4692073222251937,5159186,do,v
0.0,5110041,out,adv
0.5847300407123263,5200157,town,n
1.638001844930599,5142816,food,n
0.0,5191970,letter,n
0.25745466706512243,5200172,hall,n
0.0,5159220,sink,n
0.0,5183797,take,v
0.0,5118275,baby,n
0.0,5134664,cat,n
0.2811210310524982,5192012,think,v
0.0,5183821,out,adv
0.0,5151054,vacuums,n
0.0,5175652,outside,adv
0.0,5159270,sink,n
0.210140875566931,5134708,get,v
0.0,5101942,soap,n
0.2174579389991985,5183862,find,v
0.0,5200261,late,adj
0.693147180559945,5118342,guy,n
0.0,5183881,page,n
0.6139389018024637,5126538,stop,v
0.0,5159309,think,v
0.0,5151123,vacuums,n
0.0,5200275,already,adv
0.0,5159335,knows,v
0.0,5183917,goes,v
0.0,5142958,think,v
0.12968560152411956,5167541,go,v
0.5941261547656673,5102008,did,v
0.0,5126587,bite,v
0.31506690025452116,5167549,change,v
0.0,5151169,often,adv
0.0,5192132,letter,n
0.1969997250012476,5175750,had,v
0.0,5159368,put,v
0.8935360424566425,5134796,baby,n
0.0,5151183,vacuums,v
0.40433585532663463,5142994,green,n
0.0,5134809,cat,n
0.6238324625039512,5102043,scrub,v
0.0,5143010,elephant,n
0.17915600745546278,5159396,take,v
0.0,5175782,very,adv
0.693147180559945,5118445,guy,n
0.0,5151216,true,adj
0.6493838509172211,5102068,duck,n
0.0,5200373,go,v
0.0,5159414,bath,n
0.0,5167620,table,n
0.0,5126662,mosquitos,n
0.0,5175814,conversation,n
0.0,5110280,need,v
0.0,5184015,book,n
0.3992270454499549,5126679,bite,n
0.40433585532663463,5143063,green,n
0.0,5159451,machine,n
1.0397207708399185,5110300,change,v
0.6493838509172211,5102112,duck,n
0.0,5126693,people,n
0.0,5093931,bubble,n
0.0,5143084,elephant,n
0.0,5175852,morning,n
0.0,5192242,need,v
0.0,5110323,diaper,n
0.0,5159480,take,v
0.1535587600009729,5184058,see,v
0.2188885833347194,5134907,get,v
0.4455946160742501,5110336,now,adv
0.0,5093953,factory,n
0.0,5159500,bath,n
0.7155185902426813,5175893,world,n
0.0,5167713,toilet,n
0.0,5200489,well,adv
0.0,5110383,need,v
0.0,5184112,come,v
0.0,5159535,machine,n
0.0,5143159,boy,n
0.24946749917394567,5102201,did,v
0.49510512897138953,5200510,hope,n
0.0,5118591,duck,n
0.0,5192322,shape,n
0.0,5184132,on,adv
1.0397207708399185,5110408,change,v
0.0,5151369,do,v
0.0,5126806,think,v
0.6238324625039512,5102231,scrub,v
0.6493838509172211,5175961,wondered,v
0.0,5151387,housework,n
0.0,5192349,figure,v
0.0,5167777,toilet,n
0.0,5175973,about,adv
0.0,5184169,here,adv
0.0,5110442,diaper,n
0.0,5192363,out,adv
0.0,5143212,think,v
0.12968560152411956,5200556,go,v
0.0,5126833,know,v
0.0,5102271,duck,n
0.0,5159619,do,v
0.0,5126852,know,v
1.162567552211192,5143245,put,v
0.0,5126862,know,v
0.0,5167822,put,v
0.0,5192403,way,adv
0.7155185902426813,5176021,world,n
0.0,5143254,green,n
0.0,5151446,house,n
0.0,5110489,do,v
0.0,5200606,just,adv
0.0,5135071,think,v
0.20668623632103994,5110503,have,v
0.5545177444479563,5200617,forgot,v
0.47706483018556434,5176059,talked,v
0.0,5192448,match,v
0.0,5110530,diaper,n
0.0,5094147,bubbles,n
0.0,5135110,cat,n
0.693147180559945,5110538,on,adv
0.0,5167884,toilet,n
0.24946749917394823,5184269,think,v
1.162567552211192,5143313,put,v
0.0,5143324,green,n
0.6238324625039512,5102369,scrub,v
0.0,5159714,take,v
0.0,5184291,see,v
0.5847300407123263,5200690,town,n
0.0,5192500,goes,v
0.0,5159734,hat,n
0.20668623632103994,5110583,have,v
0.0,5135164,think,v
0.0,5200701,hall,n
0.693147180559945,5094211,out,adv
0.6795961471815891,5159751,off,adv
0.6931471805599453,5102412,know,v
2.703274004183787,5094221,there,adv
0.0,5110605,diaper,n
0.5847300407123244,5176140,actually,adv
0.31506690025452116,5118808,time,n
0.0,5167961,diaper,n
0.0,5184348,place,n
0.693147180559945,5110621,on,adv
0.0,5143393,think,v
0.47706483018556434,5176163,talked,v
0.0,5135213,cat,n
0.49510512897138936,5118836,say,v
1.1882523095313346,5102455,just,adv
0.0,5167991,toilet,n
1.162567552211192,5143424,put,v
0.0,5159816,get,v
0.0,5184396,goes,v
0.0,5143445,green,n
0.3421578372443329,5176217,day,n
0.30429323450498913,5110685,see,v
0.0,5192605,now,adv
1.3862943611198906,5102499,belly,n
0.0,5192622,want,v
0.0,5118903,good,adj
0.0,5110716,diaper,n
0.0,5168064,come,v
0.0,5151681,lamp,n
0.21745793899919846,5192642,find,v
0.0,5176257,brought,v
0.693147180559945,5110726,on,adv
0.0,5184458,there,adv
0.0,5159892,get,v
0.0,5192666,jelly,n
0.0,5135332,cat,n
0.0,5102569,soap,n
0.0,5176298,morning,n
1.638001844930599,5143538,food,n
0.0,5110778,never,adv
0.0,5168127,flush,adv
0.0,5127170,bite,v
0.1777423659811666,5110793,had,v
0.6238324625039512,5102609,scrub,v
0.0,5151761,lamp,n
0.0,5143573,in,adv
0.0,5135387,think,v
0.49510512897138953,5168166,down,adv
0.0,5119019,guy,n
0.0,5168180,toilet,n
0.0,5151808,cat,n
0.0,5110862,bath,n
0.0,5102673,good,adj
0.0,5127249,bite,v
0.0,4439122,call,n
0.0,5119067,good,adj
0.3119455409799649,5160028,wears,v
0.0,5184606,next,adv
0.5941261547656673,5102692,job,n
0.43499605361658555,5176428,world,n
0.0,5192820,jelly,n
0.0,5151862,cat,n
0.0,5135479,cat,n
0.0,5110904,diaper,n
0.0,5160055,hat,n
0.0,5094529,up,adv
0.0,5184646,picture,n
0.0,4013210,like,v
0.0952144739935232,5102750,get,v
0.0,5119134,guy,n
0.0,5127331,so,adv
0.0,5192875,does,v
0.0,4439213,apple,n
0.0,5102776,on,adv
0.0,5192894,jelly,n
0.0,5110975,diaper,n
0.0,5160127,bath,n
0.26736531152249104,5143760,said,v
0.0,5184725,mallets,n
0.0,5192928,go,v
0.0,5094630,up,adv
0.0,5119208,guy,n
1.3862943611198906,5102825,belly,n
0.6238324625039511,5168362,guess,v
0.0,5127402,bite,v
0.0,5192940,first,adv
0.3119455409799649,5160178,wear,v
0.0,5151988,little,adj
0.3685989635698,5143801,put,v
0.0,5151995,piece,n
0.0,5184764,mallets,n
0.40433585532663463,5168385,find,v
0.0,5143813,sugar,n
0.0,5168393,out,adv
0.43499605361658383,5152025,paper,n
0.0,5143835,powder,n
0.0,5111068,diaper,n
0.0,5135643,clothing,n
0.0,5102892,has,v
0.31506690025452116,5119288,time,n
0.0,5127483,think,v
0.0,5160253,wears,v
0.0,5102913,towel,n
0.0,5102925,here,adv
0.49510512897138936,5119311,say,v
0.0,5160271,apron,n
0.40433585532663463,5143889,green,n
0.0,5184853,stand,n
0.0,5193045,over,adv
0.0,5135709,store,n
1.638001844930599,5143904,food,n
0.0,5168483,need,v
0.2574546670651225,5160296,do,v
0.0,5193065,there,adv
0.0,5127541,bite,n
0.0,5102971,get,v
0.0,5111177,diaper,n
0.693147180559945,5168524,lie,n
0.0,5184914,stands,n
0.0,5127572,happy,adj
0.13887600564499122,5143958,go,v
0.0,5168535,down,adv
0.0,5135769,store,n
0.0,5168548,here,adv
0.693147180559945,5160362,there,adv
0.0,5193130,right,n
1.3862943611198906,5103023,belly,n
0.0,4439478,house,n
0.0,5160378,water,n
0.0,5184958,wolf,n
0.3283328750020791,5168587,get,v
0.0,5160405,there,adv
0.0,5152215,on,adv
0.0,5127640,put,v
0.0,5193180,do,v
0.0,5184996,wolf,n
0.0,5103079,good,adj
0.0,5135862,think,v
0.0,5193206,know,v
0.7066982139383009,5168632,out,adv
0.693147180559945,5160454,pail,n
0.0,5127688,diaper,n
0.47706483018556434,5152265,wet,adj
0.0,5111308,real,adj
0.0,5144077,green,n
0.6638832416637506,5119505,home,n
0.0,5127697,on,adv
0.47706483018556434,5152279,water,n
0.0,5168664,diaper,n
2.092992575058191,5176857,whole,n
0.0,5193240,read,v
0.0,5127708,now,adv
0.0,5135911,store,n
0.0,5144111,green,n
0.0,5103154,towel,n
0.4829354560413084,5176886,place,n
0.6795961471815891,5103161,lotion,n
0.27421207143030857,5193283,did,v
0.0,5152333,through,adv
0.0,5193305,read,v
0.0,5103201,get,v
0.0,5160560,pail,n
0.0,5135985,think,v
0.0,5119606,scrape,n
0.47706483018556434,5152374,water,n
0.0,5193340,word,n
0.1691796088313435,5111421,see,v
0.4455946160742501,5144190,use,v
0.0,5160587,water,n
1.6809664255507428,5144213,eggs,n
0.6795961471815891,5103254,guy,n
1.4165066573842606,5176983,towns,n
0.0,5136028,cat,n
0.0,5144240,do,v
0.6657174315389736,5177018,know,v
0.21745793899919846,5193402,find,v
0.0,5160639,think,v
0.0,5177024,about,adv
0.0,5136072,smoothie,n
0.0,5111502,real,adj
0.0,5144271,think,v
0.0,5119696,scrape,n
0.0,5193430,jelly,n
0.22480449099241473,5103323,get,v
0.0,4439772,honey,n
0.0,5160674,see,v
0.0,5168866,read,v
0.0,5185254,wolf,n
0.6795961471815891,5103348,guy,n
0.0,5152504,think,v
0.43499605361658555,5177080,world,n
0.0,5193471,jelly,n
0.0,5111555,invisible,adj
0.0,5152536,think,v
0.0,5168920,story,n
0.0,5185325,wolf,n
0.0,5119793,scrape,n
0.0,5144373,about,adv
0.0,5144388,flour,n
0.0,5185362,way,n
0.0,5152601,machine,n
0.0,5193562,jelly,n
2.109653837944206,5136220,fountain,n
0.34215783724433296,5193570,right,adv
0.0,5193581,there,adv
0.10927996089909023,5103472,get,v
0.0,5119868,scrape,n
0.0,5185413,find,v
0.0,5103499,bottom,n
0.0,5185434,wolf,n
0.0,5160859,there,adv
0.0,5193636,put,v
1.4165066573842606,5177253,towns,n
0.5847300407123246,5103538,up,adv
0.0,5128114,diaper,n
0.0,5177268,do,v
0.0,5144501,about,adv
0.7066982139383009,5193654,jelly,n
0.0,5160893,think,v
0.0,5144509,butter,n
0.0,5169087,story,n
0.3150669002545212,5177285,know,v
0.23751975824990376,5128135,go,v
0.47706483018556434,5152717,water,n
0.0,5177295,about,adv
0.0,5095376,friends,n
0.46351379680720745,5119954,just,adv
-2.6645352591003757e-15,5193687,goes,v
0.0,5136345,think,v
0.0,5111771,swim,n
0.0,5152742,soap,n
0.0,5103592,bottom,n
0.0,5128179,here,adv
